{"greek": {"pitzer": 0.0, "frank": 0.0, "frary": 0.0, "mudd": 0.02564102564102564, "collins": 0.0, "scripps": 0.027777777777777776}, "thai": {"pitzer": 0.0, "frank": 0.0, "frary": 0.0, "mudd": 0.02564102564102564, "collins": 0.0, "scripps": 0.05555555555555555}, "mexican": {"pitzer": 0.0, "frank": 0.0, "frary": 0.0, "mudd": 0.0, "collins": 0.0, "scripps": 0.027777777777777776}, "korean": {"pitzer": 0.0, "frank": 0.0, "frary": 0.0, "mudd": 0.0, "collins": 0.0, "scripps": 0.0}, "italian": {"pitzer": 0.0, "frank": 0.0, "frary": 0.0, "mudd": 0.0, "collins": 0.0, "scripps": 0.027777777777777776}}