{"greek": {"pitzer": 0.0, "frank": 0.0, "frary": 0.0, "mudd": 0.0, "collins": 0.0, "scripps": 0.0}, "thai": {"pitzer": 0.041666666666666664, "frank": 0.0, "frary": 0.023809523809523808, "mudd": 0.0196078431372549, "collins": 0.0, "scripps": 0.02857142857142857}, "mexican": {"pitzer": 0.041666666666666664, "frank": 0.0, "frary": 0.0, "mudd": 0.0196078431372549, "collins": 0.0, "scripps": 0.05714285714285714}, "korean": {"pitzer": 0.0, "frank": 0.0, "frary": 0.0, "mudd": 0.0, "collins": 0.0, "scripps": 0.0}, "italian": {"pitzer": 0.0, "frank": 0.0, "frary": 0.0, "mudd": 0.0392156862745098, "collins": 0.0, "scripps": 0.02857142857142857}}