{"greek": {"pitzer": 0.0, "mudd": 0.02631578947368421, "frank": 0.0, "scripps": 0.016666666666666666, "frary": 0.01639344262295082, "collins": 0.0}, "mexican": {"pitzer": 0.07142857142857142, "mudd": 0.008771929824561403, "frank": 0.0, "scripps": 0.05, "frary": 0.0, "collins": 0.0}, "italian": {"pitzer": 0.0, "mudd": 0.008771929824561403, "frank": 0.027777777777777776, "scripps": 0.016666666666666666, "frary": 0.01639344262295082, "collins": 0.0625}}