{"greek": {"pitzer": 0.05128205128205128, "frank": 0.0, "frary": 0.0, "mudd": 0.0, "collins": 0.0, "scripps": 0.011904761904761904}, "thai": {"pitzer": 0.0, "frank": 0.10526315789473684, "frary": 0.0, "mudd": 0.059322033898305086, "collins": 0.03773584905660377, "scripps": 0.10714285714285714}, "mexican": {"pitzer": 0.02564102564102564, "frank": 0.0, "frary": 0.0, "mudd": 0.00847457627118644, "collins": 0.0, "scripps": 0.03571428571428571}, "korean": {"pitzer": 0.0, "frank": 0.0, "frary": 0.0, "mudd": 0.00847457627118644, "collins": 0.018867924528301886, "scripps": 0.0}, "italian": {"pitzer": 0.15384615384615385, "frank": 0.03508771929824561, "frary": 0.0, "mudd": 0.01694915254237288, "collins": 0.07547169811320754, "scripps": 0.11904761904761904}}