{"greek": {"pitzer": 0.0, "frank": 0.0, "frary": 0.020833333333333332, "mudd": 0.02857142857142857, "collins": 0.01818181818181818, "scripps": 0.0}, "thai": {"pitzer": 0.09090909090909091, "frank": 0.11627906976744186, "frary": 0.10416666666666667, "mudd": 0.11428571428571428, "collins": 0.01818181818181818, "scripps": 0.02857142857142857}, "mexican": {"pitzer": 0.12121212121212122, "frank": 0.11627906976744186, "frary": 0.020833333333333332, "mudd": 0.05714285714285714, "collins": 0.0, "scripps": 0.21428571428571427}, "korean": {"pitzer": 0.0, "frank": 0.023255813953488372, "frary": 0.0, "mudd": 0.0, "collins": 0.0, "scripps": 0.0}, "italian": {"pitzer": 0.15151515151515152, "frank": 0.023255813953488372, "frary": 0.041666666666666664, "mudd": 0.009523809523809525, "collins": 0.09090909090909091, "scripps": 0.14285714285714285}}