{"greek": {"pitzer": 0.0, "mudd": 0.02040816326530612, "frank": 0.0, "scripps": 0.0, "frary": 0.0, "collins": 0.0}, "mexican": {"pitzer": 0.08695652173913043, "mudd": 0.030612244897959183, "frank": 0.02127659574468085, "scripps": 0.0, "frary": 0.0, "collins": 0.019230769230769232}, "italian": {"pitzer": 0.10869565217391304, "mudd": 0.04081632653061224, "frank": 0.0, "scripps": 0.02631578947368421, "frary": 0.15, "collins": 0.17307692307692307}}