{"greek": {"oldenborg": 0.21428571428571427, "pitzer": 0.05405405405405406, "frank": 0.0, "frary": 0.0, "mudd": 0.007352941176470588, "collins": 0.015384615384615385, "scripps": 0.0}, "thai": {"oldenborg": 0.07142857142857142, "pitzer": 0.05405405405405406, "frank": 0.08163265306122448, "frary": 0.0, "mudd": 0.07352941176470588, "collins": 0.03076923076923077, "scripps": 0.08955223880597014}, "mexican": {"oldenborg": 0.07142857142857142, "pitzer": 0.02702702702702703, "frank": 0.02040816326530612, "frary": 0.0, "mudd": 0.007352941176470588, "collins": 0.0, "scripps": 0.04477611940298507}, "korean": {"oldenborg": 0.0, "pitzer": 0.0, "frank": 0.0, "frary": 0.0, "mudd": 0.0, "collins": 0.0, "scripps": 0.0}, "italian": {"oldenborg": 0.07142857142857142, "pitzer": 0.02702702702702703, "frank": 0.02040816326530612, "frary": 0.0, "mudd": 0.11029411764705882, "collins": 0.13846153846153847, "scripps": 0.13432835820895522}}