{"greek": {"oldenborg": 0.0, "pitzer": 0.075, "frank": 0.0, "frary": 0.02, "mudd": 0.007936507936507936, "collins": 0.0, "scripps": 0.03896103896103896}, "thai": {"oldenborg": 0.07142857142857142, "pitzer": 0.075, "frank": 0.08695652173913043, "frary": 0.08, "mudd": 0.12698412698412698, "collins": 0.05555555555555555, "scripps": 0.06493506493506493}, "mexican": {"oldenborg": 0.03571428571428571, "pitzer": 0.1, "frank": 0.0, "frary": 0.0, "mudd": 0.07142857142857142, "collins": 0.0, "scripps": 0.2077922077922078}, "korean": {"oldenborg": 0.0, "pitzer": 0.0, "frank": 0.0, "frary": 0.04, "mudd": 0.0, "collins": 0.0, "scripps": 0.0}, "italian": {"oldenborg": 0.0, "pitzer": 0.225, "frank": 0.021739130434782608, "frary": 0.02, "mudd": 0.05555555555555555, "collins": 0.1111111111111111, "scripps": 0.12987012987012986}}